SET NAMES utf8;
SET time_zone = '+00:00';
SET foreign_key_checks = 0;
SET sql_mode = 'NO_AUTO_VALUE_ON_ZERO';

SET NAMES utf8mb4;

CREATE TABLE `candidato` (
  `id` int(11) NOT NULL AUTO_INCREMENT,
  `comuna_id` int(11) NOT NULL,
  `nombre` tinytext NOT NULL,
  PRIMARY KEY (`id`),
  KEY `comuna_id` (`comuna_id`),
  CONSTRAINT `candidato_ibfk_1` FOREIGN KEY (`comuna_id`) REFERENCES `comuna` (`id`)
) ENGINE=InnoDB DEFAULT CHARSET=utf8mb4 COLLATE=utf8mb4_general_ci;

INSERT INTO `candidato` (`id`, `comuna_id`, `nombre`) VALUES
(1,	56,	'Reuven Berard'),
(2,	42,	'Karena Warner'),
(3,	299,	'Euell Cassy'),
(4,	92,	'Adore Dimnage'),
(5,	337,	'Gav Redhead'),
(6,	130,	'Adela O\' Lone'),
(7,	299,	'Charil Ventura'),
(8,	84,	'Iolanthe Witherdon'),
(9,	32,	'Uriel Walkley'),
(10,	201,	'Catharina Brokenbrow'),
(11,	136,	'Rochester Craven'),
(12,	280,	'Octavius Reding'),
(13,	216,	'Shaun Graddon'),
(14,	177,	'Cordy Geoghegan'),
(15,	184,	'Rosetta Arnholdt'),
(16,	176,	'Jo-ann Brise'),
(17,	322,	'Octavia Yokelman'),
(18,	200,	'Ashby Bletso'),
(19,	310,	'Hamel Spino'),
(20,	174,	'Darelle Garrish'),
(22,	205,	'Silvana Magowan'),
(23,	137,	'Christoffer Bett'),
(24,	209,	'Hamilton Lillow'),
(26,	266,	'Desirae Folkerd'),
(28,	126,	'Melany Manston'),
(29,	169,	'Gerhardine Jerromes'),
(30,	25,	'Brew Nosworthy'),
(31,	320,	'Danit Germann'),
(32,	132,	'Vanya Crowdson'),
(34,	337,	'Bobby Beyer'),
(36,	111,	'Edin Kirman'),
(37,	218,	'Micheal Couchman'),
(38,	84,	'Edith Hatton'),
(39,	332,	'Jemima Trasler'),
(40,	319,	'Dorene Finessy'),
(41,	198,	'Orella Tennock'),
(42,	174,	'Joelie Garthshore'),
(43,	98,	'Meghan Kibel'),
(44,	58,	'Vanni Bavidge'),
(45,	214,	'Laurene Legier'),
(46,	273,	'Robby Stearn'),
(47,	289,	'Dorey May'),
(48,	256,	'Katinka Langmuir'),
(49,	18,	'Albert Cottrill'),
(50,	4,	'Adara Hylton'),
(51,	83,	'Maurene Praundlin'),
(52,	329,	'Crystal Jamieson'),
(54,	171,	'Roxanna Kelso'),
(55,	165,	'Valle Bennoe'),
(57,	8,	'Isaac Mattecot'),
(58,	237,	'Zandra Duran'),
(59,	33,	'Adelheid Coughlan'),
(60,	128,	'Chandler Fermor'),
(61,	128,	'Crissie Jedraszek'),
(62,	68,	'Manolo Strange'),
(63,	275,	'Arlen Lilie'),
(64,	226,	'Zelma Tatterton'),
(65,	253,	'Christian Paddington'),
(66,	67,	'Wakefield Eyckelbeck'),
(67,	158,	'Emmet Whines'),
(68,	240,	'Viole Baldwin'),
(69,	195,	'Sansone Bagshaw'),
(70,	242,	'Crosby Lande'),
(71,	34,	'Angy Manifield'),
(72,	175,	'Myles Matveichev'),
(73,	272,	'Sherrie Durdle'),
(74,	293,	'Roselle Mankor'),
(75,	220,	'Hersch Malpas'),
(76,	93,	'Thibaud Fishly'),
(77,	27,	'Modesta Rainsdon'),
(78,	310,	'Denis Diaper'),
(79,	297,	'Verile Gurner'),
(80,	55,	'Aluino Barniss'),
(81,	339,	'Leah Chainey'),
(82,	102,	'Regina Connechy'),
(83,	330,	'Annecorinne Connick'),
(84,	330,	'Glynnis Regler'),
(85,	121,	'Bartie Ingledow'),
(86,	253,	'Jami Guise'),
(87,	266,	'Arlie Shane'),
(88,	271,	'Franklin Pavel'),
(89,	148,	'Dannie Ramsey'),
(90,	220,	'Winonah Kinglesyd'),
(91,	135,	'Xavier Muselli'),
(92,	213,	'Emili Addlestone'),
(93,	249,	'Gus Ballister'),
(94,	212,	'Menard Spottiswood'),
(95,	151,	'Powell Brookfield'),
(96,	215,	'Olympe Trengove'),
(97,	250,	'Mignon Songer'),
(98,	119,	'Tabor Danelet'),
(99,	62,	'Willyt Rheam'),
(100,	326,	'Jed Parsisson'),
(101,	19,	'Borg Durdle'),
(102,	21,	'Catie Poznan'),
(103,	307,	'Nari Priest'),
(104,	153,	'Trip Cannaway'),
(105,	241,	'Gustaf Vaen'),
(106,	75,	'Granny Hupka'),
(107,	121,	'Beniamino Tuiller'),
(108,	181,	'Marcie Tesoe'),
(109,	289,	'Ennis Caddell'),
(110,	156,	'Rhoda Myrkus'),
(111,	213,	'Symon Hardinge'),
(112,	77,	'Sosanna Dono'),
(113,	242,	'Haily Dudmesh'),
(115,	332,	'Alyda Flewin'),
(116,	310,	'Daune Weippert'),
(117,	344,	'Pascale Pargent'),
(118,	61,	'Angelle Escalero'),
(119,	42,	'Theodoric Scay'),
(120,	209,	'Noelle Timeby'),
(121,	74,	'Charin Bolle'),
(122,	71,	'Sydney Skitteral'),
(123,	10,	'Mirelle Rostern'),
(124,	319,	'Camella Lydiard'),
(125,	182,	'Ferdie Jimmison'),
(126,	187,	'Hiram Rochewell'),
(127,	11,	'Felecia Naden'),
(128,	326,	'Obadiah Huerta'),
(129,	63,	'Latisha Draayer'),
(130,	323,	'Brittne Gogay'),
(131,	332,	'Alberik Pilley'),
(133,	183,	'Tabatha Skully'),
(134,	216,	'Morley Goodinge'),
(135,	336,	'Tiffie Fillery'),
(136,	42,	'Harbert O\'Fihillie'),
(137,	239,	'Bern Tupie'),
(138,	123,	'Lilla Yielding'),
(139,	124,	'Bruno Foltin'),
(140,	106,	'Jacinthe O\' Molan'),
(141,	167,	'Ollie Lanchester'),
(142,	323,	'Trevor Clausewitz'),
(143,	88,	'Karim Mickan'),
(144,	177,	'Dodi Tollow'),
(145,	104,	'Kathy Furmedge'),
(146,	143,	'Mel McClinton'),
(147,	291,	'Cass Donoghue'),
(148,	93,	'Suzanna D\'Avaux'),
(149,	284,	'Ram Sherwin'),
(150,	311,	'Abbey Jojic'),
(151,	337,	'Bo Skitch'),
(152,	143,	'Suzie Gircke'),
(153,	261,	'Hercules Pyett'),
(154,	282,	'Jessee Corder'),
(155,	240,	'Aubree Romme'),
(156,	290,	'Rosabella Climson'),
(157,	10,	'Faber Bohler'),
(158,	116,	'Hoyt Pelfer'),
(160,	118,	'Ronnie Grills'),
(161,	164,	'Chariot Lamboll'),
(162,	164,	'Frederico Alessandrucci'),
(164,	248,	'Andras Demageard'),
(165,	262,	'Natty Gorrissen'),
(166,	90,	'Adrian Ivanyutin'),
(167,	203,	'Gradey Besnard'),
(168,	28,	'Corri Cattermull'),
(169,	262,	'Rozanna Fosberry'),
(170,	157,	'Abagail Pollak'),
(171,	194,	'Gardener Tague'),
(172,	241,	'Gwenette Hassall'),
(173,	280,	'Hollie Hansed'),
(174,	76,	'Marylinda Wardrope'),
(175,	3,	'Marlo Griston'),
(176,	306,	'Gnni Frankum'),
(178,	211,	'Corny Ingamells'),
(179,	128,	'Hildegarde Reggler'),
(180,	267,	'Barret Biggerdike'),
(181,	176,	'Nomi Piatek'),
(182,	253,	'Hilde Stanton'),
(183,	221,	'Zacharie Durtnal'),
(184,	124,	'Nichols Bendley'),
(185,	321,	'Ediva Mazey'),
(186,	343,	'Lauren Billings'),
(187,	109,	'Welby Fettiplace'),
(188,	104,	'Gerta Ealles'),
(189,	274,	'Dorris Feckey'),
(190,	145,	'Tommie Mushawe'),
(191,	269,	'Cullen Tarbet'),
(192,	9,	'Norma Seago'),
(193,	320,	'Genevra Muckle'),
(194,	161,	'Papageno Kain'),
(195,	176,	'Jarrett Chattaway'),
(196,	35,	'Mohandas Bream'),
(197,	48,	'Nonah Bartolommeo'),
(198,	229,	'Tedi Wildblood'),
(199,	159,	'Laird Panchin'),
(200,	111,	'Ulrick Bysaker'),
(201,	337,	'Benoite Edmead'),
(202,	267,	'Cam Eggle'),
(203,	23,	'Shana Mancer'),
(204,	241,	'Pietra Thrasher'),
(205,	316,	'Carlie Whetland'),
(206,	127,	'Ardella Manifould'),
(207,	77,	'Vivianna Sparkes'),
(208,	41,	'Agnella Graal'),
(209,	185,	'Jorge Marner'),
(210,	194,	'Simmonds Scirman'),
(211,	236,	'Dion Bore'),
(212,	191,	'Aprilette Rudolf'),
(213,	61,	'Meg Speck'),
(214,	245,	'Reidar Towe'),
(215,	6,	'Avrom Ofen'),
(216,	42,	'Eulalie Schrei'),
(217,	127,	'Darryl Sackur'),
(218,	204,	'Marci Cowans'),
(219,	39,	'Lucinda Bleeze'),
(220,	22,	'Ody Coventry'),
(221,	63,	'Elvera Bellwood'),
(222,	101,	'Quinn Leschelle'),
(223,	121,	'Enrichetta Brockton'),
(224,	29,	'Bernardina Kearn'),
(225,	170,	'Buckie McKellen'),
(226,	119,	'Arluene Down'),
(227,	11,	'Cooper Lampbrecht'),
(228,	4,	'Naomi Bearcroft'),
(229,	84,	'Agace Brithman'),
(230,	184,	'Antonia Alexsandrev'),
(231,	20,	'Merci Lidgett'),
(232,	197,	'Erick McOnie'),
(233,	50,	'Humbert Handsheart'),
(234,	223,	'Poppy Lyptratt'),
(235,	71,	'Klaus Gerran'),
(236,	101,	'Culver Gammell'),
(237,	293,	'Perren Withrington'),
(238,	2,	'Deedee MacDermand'),
(239,	201,	'Hildegaard Ducker'),
(240,	39,	'Carmela Woodson'),
(241,	145,	'See Johnsey'),
(242,	224,	'Kathe Egel'),
(243,	205,	'Tracie Gisburn'),
(244,	78,	'Malena Roon'),
(245,	190,	'Colene Maggiore'),
(246,	91,	'Quentin Kingerby'),
(247,	96,	'Keeley Strapp'),
(248,	260,	'Nevile Baughan'),
(249,	33,	'Marris Sussams'),
(250,	337,	'Richie Sheen'),
(251,	8,	'Benedict Mullinger'),
(252,	139,	'Ruthanne Steckings'),
(253,	39,	'Betti Smalman'),
(254,	282,	'Felicio O\'Dougherty'),
(255,	318,	'Margaretta Buntin'),
(256,	310,	'Darsie Piscotti'),
(257,	326,	'Justin Stoggell'),
(258,	219,	'Roseanna Papierz'),
(259,	260,	'Kerrie Leve'),
(260,	282,	'Reggi Sabatier'),
(261,	142,	'Donn Condict'),
(262,	162,	'Sherman Placido'),
(263,	281,	'Scott Tassell'),
(264,	230,	'Ashley Pozzi'),
(265,	257,	'Adelle Vallance'),
(266,	202,	'Alley Prudham'),
(267,	339,	'Katti Cerman'),
(268,	176,	'Merv Maitland'),
(269,	113,	'Thekla Norcock'),
(270,	157,	'Cherise Baldetti'),
(271,	76,	'Cari Lowsely'),
(272,	122,	'Marla Royle'),
(273,	101,	'Reed Malzard'),
(274,	344,	'Oralee Matias'),
(275,	153,	'Glynis Corke'),
(276,	19,	'Eugenie Dunn'),
(277,	276,	'Rudd Roblett'),
(278,	157,	'Deloria Falkner'),
(279,	101,	'Judd Beckenham'),
(280,	242,	'Minny Permain'),
(281,	164,	'Leonore Obray'),
(282,	36,	'Townie Forcade'),
(283,	274,	'Brodie Jones'),
(284,	109,	'Gladys Pesik'),
(285,	3,	'Sandra McLane'),
(286,	278,	'Koralle Delafont'),
(287,	143,	'Giovanna Andrioli'),
(288,	200,	'Robbyn Troughton'),
(289,	61,	'Dee McKevitt'),
(290,	29,	'Darnall Wastell'),
(291,	263,	'Rebeka Minchenton'),
(292,	135,	'Angelika Atkyns'),
(293,	104,	'Jilli Redding'),
(294,	239,	'Dennie Hammett'),
(295,	139,	'Honoria Scotfurth'),
(296,	11,	'Cicely Cartmill'),
(297,	247,	'Lyssa Rose'),
(298,	32,	'Averill Rosettini'),
(299,	6,	'Christophe Challis'),
(300,	152,	'Hammad Macieja'),
(301,	156,	'Angelia Kampshell'),
(302,	312,	'Audrye Washington'),
(303,	320,	'Florance Waszkiewicz'),
(304,	172,	'Ciro Sides'),
(305,	240,	'Cloris Blakeden'),
(306,	110,	'Eleanora Randle'),
(307,	263,	'Nev Scattergood'),
(308,	332,	'Forbes Packer'),
(309,	69,	'Dorey Slimm'),
(310,	103,	'Hedda Perview'),
(311,	302,	'Florencia Greve'),
(312,	5,	'Emile Parnall'),
(313,	324,	'Inna Eckery'),
(314,	5,	'Susann Shegog'),
(315,	116,	'Rey Sowley'),
(316,	89,	'Gavan Dikes'),
(317,	79,	'Fayette Maseyk'),
(318,	232,	'Lenette Pieroni'),
(319,	226,	'Aleen Lamming'),
(320,	271,	'Doy Loyley'),
(321,	152,	'Rocky Pigram'),
(322,	276,	'Tammy Harford'),
(323,	166,	'Devy Scullin'),
(324,	203,	'Meghann Novotni'),
(325,	121,	'Allin Ullyatt'),
(326,	86,	'Daffy Beadnell'),
(327,	78,	'Cris Dikle'),
(328,	138,	'Glynn Nast'),
(329,	152,	'Ossie Bonnet'),
(330,	268,	'Whit Noblet'),
(331,	240,	'Alejandro Vasyuchov'),
(332,	241,	'Mahmoud Judd'),
(333,	343,	'Baudoin Windrum'),
(334,	330,	'Kristoffer Lethbury'),
(335,	239,	'Sonnie Premble'),
(336,	140,	'Marinna Capron'),
(338,	48,	'Lem Fanti'),
(339,	152,	'Viola Bortoluzzi'),
(340,	117,	'Shawnee Chaytor'),
(341,	178,	'Herta Weldon'),
(342,	218,	'Dorry Haselhurst'),
(343,	281,	'Adelice Dungey'),
(344,	265,	'Friederike Whistlecraft'),
(345,	28,	'Yvette Dunbleton'),
(346,	45,	'Jennifer Bullard'),
(347,	337,	'Goober Walasik'),
(348,	144,	'Ade Thwaite'),
(349,	9,	'Tessa McIlwreath'),
(350,	228,	'Margery Shire'),
(351,	14,	'Claresta Scudder'),
(352,	83,	'Karel Roakes'),
(353,	290,	'Gilles Tunnadine'),
(354,	149,	'Adolphe Balmann'),
(355,	26,	'Agretha Rappaport'),
(356,	283,	'Gav Blayney'),
(357,	126,	'Devan Grotty'),
(358,	247,	'Adelind Cadden'),
(359,	271,	'Phyllis Natte'),
(360,	197,	'Asia Wimpenny'),
(361,	141,	'Xylina Maevela'),
(362,	212,	'Aristotle Cristofano'),
(363,	54,	'Cirstoforo Fouracre'),
(364,	255,	'Karlis Whewell'),
(365,	41,	'Hendrick De Bernardi'),
(366,	192,	'Mollie Lowcock'),
(367,	199,	'Melody Weaben'),
(368,	330,	'Morgan Rampage'),
(369,	110,	'Sharla Vazquez'),
(370,	231,	'Bary Roddell'),
(371,	133,	'Atlante Zanussii'),
(372,	302,	'Boothe Chastang'),
(373,	196,	'Dickie Amoss'),
(374,	138,	'Rhetta Blose'),
(375,	108,	'Jonas Saunderson'),
(376,	324,	'Lebbie Wisson'),
(377,	264,	'Sergeant Kernocke'),
(378,	2,	'Adi Beastall'),
(379,	44,	'Kaila Wanklyn'),
(380,	26,	'Gabie Drage'),
(381,	170,	'Bealle Cribbins'),
(382,	262,	'Grant Disley'),
(383,	17,	'Anastassia Runcie'),
(384,	76,	'Carter Scudders'),
(385,	316,	'Barri Hammelberg'),
(386,	111,	'Reginald Lakes'),
(387,	178,	'Erina McCowan'),
(388,	318,	'Dorise Watmore'),
(389,	180,	'Maurizio Braden'),
(390,	287,	'Arlinda Coppard'),
(391,	21,	'Jacynth Search'),
(392,	305,	'Aridatha Kinane'),
(393,	274,	'Clevie Kingscote'),
(394,	231,	'Decca McAless'),
(395,	331,	'Rafferty Dymidowski'),
(396,	120,	'Joell Flucker'),
(398,	242,	'Elfreda Trayling'),
(399,	19,	'Sarine Biaggelli'),
(400,	42,	'Langsdon Greaterex'),
(401,	197,	'Valli Frostick'),
(402,	344,	'Far Pollicote'),
(403,	271,	'Augustina Kennsley'),
(404,	102,	'Jeana Undrell'),
(405,	294,	'Olympe Garlee'),
(406,	232,	'Brandy McGauhy'),
(407,	267,	'Daffi Corstan'),
(408,	307,	'Hamnet Evangelinos'),
(409,	17,	'Royall Van der Beek'),
(410,	180,	'Arabela Maffioletti'),
(411,	70,	'Orella MacHoste'),
(412,	169,	'Florri Fedder'),
(413,	36,	'Aubine Kremer'),
(414,	261,	'Bartholomeo McRill'),
(415,	214,	'Ronnica Biaggiotti'),
(416,	64,	'Camellia Mateiko'),
(417,	114,	'Nolana Kernock'),
(418,	179,	'Sonnie Shilvock'),
(419,	77,	'Drucie Grier'),
(420,	312,	'Irwinn Inglesfield'),
(421,	101,	'Marla MacAlroy'),
(422,	339,	'Sherry Fitt'),
(423,	274,	'Friederike Southwell'),
(424,	221,	'Rae Huckle'),
(425,	279,	'Nettie Dallman'),
(426,	1,	'Alejandro Aulds'),
(427,	275,	'Waldon Fontel'),
(428,	219,	'Tynan Evill'),
(429,	123,	'Lynnett Curuclis'),
(430,	130,	'Fifine Radleigh'),
(431,	287,	'Brigit Vidgen'),
(432,	332,	'Hank Brasner'),
(433,	116,	'Shel Sloyan'),
(434,	22,	'Michel Willford'),
(435,	312,	'Ursuline Shrawley'),
(436,	195,	'Hedi Taberer'),
(437,	134,	'Hazlett Cromleholme'),
(438,	185,	'Lucila Main'),
(439,	52,	'Angele Leaning'),
(440,	291,	'Hali Tricker'),
(441,	88,	'Gerti Bossons'),
(442,	118,	'Holly-anne Wickens'),
(443,	73,	'Joete Cossam'),
(444,	328,	'Natalee Wilshire'),
(445,	181,	'Erika Arch'),
(446,	213,	'Zed Nattrass'),
(447,	111,	'Nerti Rockwell'),
(448,	37,	'Chaunce Dennington'),
(449,	294,	'Erwin Edlin'),
(450,	310,	'Kirsteni Peotz'),
(451,	269,	'Berta Drayn'),
(452,	161,	'Bette Ballendine'),
(453,	324,	'Howard Flarity'),
(454,	249,	'Gun Scriviner'),
(455,	162,	'Avictor Tather'),
(456,	208,	'Pam Mugford'),
(457,	114,	'Kimberli Jakeman'),
(458,	323,	'Gunther Stanmore'),
(459,	9,	'Regine Franses'),
(460,	119,	'Joanne Melding'),
(461,	326,	'Edsel Kolakowski'),
(462,	40,	'Oswald Mor'),
(463,	319,	'Johann Haseldine'),
(464,	236,	'Mikel Wagen'),
(465,	47,	'Lorilee Mouatt'),
(466,	337,	'Carlee Haryngton'),
(467,	326,	'Maury Lasham'),
(468,	320,	'Polly Janzen'),
(469,	89,	'Candis Eastes'),
(470,	10,	'Michelle Beaten'),
(471,	25,	'Lek Filyukov'),
(472,	285,	'Vivienne Bleakman'),
(473,	105,	'Loralee Airth'),
(475,	285,	'Aindrea Martine'),
(476,	99,	'Melva Donovin'),
(477,	104,	'Alec Merrell'),
(478,	78,	'Korrie MacCafferty'),
(479,	95,	'Ninnette Kaygill'),
(480,	283,	'Karole Lauder'),
(481,	297,	'Mordecai Banat'),
(482,	206,	'Karola Usborn'),
(483,	231,	'Gill Riggott'),
(484,	280,	'Juana Poultney'),
(485,	138,	'Selle Gerckens'),
(486,	120,	'Wald Purdy'),
(487,	261,	'Adham Pantin'),
(488,	241,	'Albertine Budik'),
(489,	157,	'Alex Flight'),
(490,	72,	'Loydie Druce'),
(491,	214,	'Ferdie Whyborne'),
(492,	157,	'Florri Shallcross'),
(493,	192,	'Quintus Karpman'),
(494,	271,	'Trixy Poncet'),
(495,	91,	'Noell Lievesley'),
(496,	333,	'Marcelline Lafford'),
(497,	190,	'Gherardo Kalf'),
(498,	106,	'Anestassia Amner'),
(499,	9,	'Mozelle Roylance'),
(500,	235,	'Bill Helmke'),
(501,	278,	'Bud Gamlin'),
(502,	104,	'Ainslee Poundsford'),
(503,	276,	'Filippo Gayton'),
(504,	108,	'Vanna Ansteys'),
(505,	94,	'Gert Macia'),
(506,	241,	'Minette Hayer'),
(507,	137,	'Orly Figge'),
(508,	33,	'Rudyard Brookzie'),
(509,	36,	'Hercule Dosdill'),
(510,	239,	'Pooh Probbing'),
(511,	186,	'Burlie Grevatt'),
(512,	311,	'Meaghan Struss'),
(513,	215,	'Tait Henriksson'),
(514,	97,	'Nickie Greggersen'),
(515,	239,	'Aubree Ziehm'),
(516,	215,	'Jordain Aspden'),
(517,	147,	'Netti Lambell'),
(518,	339,	'Liuka Gives'),
(519,	68,	'Nataniel Gasker'),
(520,	172,	'Guy Saiz'),
(521,	177,	'Gerhardt Knowling'),
(522,	301,	'Melanie Varfalameev'),
(523,	72,	'Meridel Boldry'),
(524,	307,	'Pearla Frankum'),
(525,	18,	'Mame Jansky'),
(526,	34,	'Chelsie Goodere'),
(527,	179,	'Nelle Gauld'),
(528,	120,	'Rhianon Gerb'),
(529,	265,	'Janifer Mundall'),
(530,	295,	'Anne Wadwell'),
(531,	91,	'Patric Bestwall'),
(532,	29,	'Noellyn Clemenzo'),
(533,	19,	'Jasmin Sherebrooke'),
(534,	28,	'Horace Danilevich'),
(535,	66,	'Rodd Wrotham'),
(536,	314,	'Hervey Sirette'),
(537,	40,	'Manya Elles'),
(538,	165,	'Lindy Rotchell'),
(539,	279,	'Lucilia Habens'),
(540,	229,	'Michaella Pretswell'),
(541,	108,	'Marv Ilyinski'),
(542,	7,	'Nomi Edgeley'),
(543,	229,	'Cort Vint'),
(544,	175,	'Morgan Tripony'),
(545,	166,	'Ely Gambell'),
(546,	44,	'Rockey Danaher'),
(547,	145,	'Frankie Hurche'),
(548,	333,	'Timoteo Stowe'),
(549,	164,	'Sig Fidgeon'),
(550,	284,	'Nicola Billes'),
(551,	43,	'Wandie McJarrow'),
(552,	160,	'Haskel Terzza'),
(553,	157,	'Torrey Colbourn'),
(554,	125,	'Dre Adame'),
(555,	146,	'Gennifer Bruntje'),
(556,	65,	'Brandon Stanney'),
(557,	70,	'Carlie Hacker'),
(558,	18,	'Mildred Truluck'),
(559,	167,	'Ronica Ashfull'),
(560,	125,	'Christy Mintram'),
(561,	260,	'Loutitia Revelle'),
(562,	333,	'Kylie Falco'),
(563,	292,	'Uriah Littledike'),
(564,	182,	'Gusti Sturdey'),
(565,	150,	'Ursala Thaine'),
(567,	311,	'Errick Barlow'),
(568,	53,	'Orelle Gannan'),
(569,	49,	'Maurizia Cropper'),
(570,	208,	'Templeton Gravatt'),
(571,	250,	'Jobi Cottesford'),
(572,	282,	'Hailee Sidry'),
(573,	166,	'Walsh Skeldon'),
(574,	227,	'Guinna Wellum'),
(575,	125,	'Maitilde Blaes'),
(576,	57,	'Brandice Scholcroft'),
(577,	339,	'Natty Gillani'),
(578,	34,	'Berni Heintsch'),
(579,	336,	'Lauri Harwin'),
(580,	237,	'Arne Sabatier'),
(581,	286,	'Barbara-anne Bocock'),
(582,	271,	'Sapphire D\'Cruze'),
(583,	91,	'Halsy De Francisci'),
(584,	175,	'Gawen Hairsine'),
(585,	146,	'Mathias Eadmead'),
(586,	88,	'Tris Monroe'),
(587,	203,	'Bride Bickerdike'),
(588,	321,	'Nicolina Klink'),
(589,	277,	'Jillie Acheson'),
(590,	62,	'Horatia Auton'),
(591,	329,	'Marcie Durkin'),
(592,	255,	'Jere Dignam'),
(593,	264,	'Rubi Sedwick'),
(594,	40,	'Donal Van Cassel'),
(595,	140,	'Kacie Mergue'),
(596,	150,	'Hermia Gillfillan'),
(597,	126,	'Dulcea Howchin'),
(598,	204,	'Norton Lovie'),
(599,	106,	'Margarete Buckthorp'),
(600,	96,	'Gypsy McPhilip'),
(601,	267,	'Gayel Witherden'),
(602,	69,	'Anthea Dancer'),
(603,	259,	'Waiter Adamsen'),
(604,	294,	'Jessie Huddart'),
(605,	145,	'Bryanty Sneesbie'),
(606,	182,	'Alika Mangion'),
(607,	140,	'Ky Leatt'),
(608,	52,	'Linette Hawket'),
(609,	197,	'Elysee Copeman'),
(610,	307,	'Oliy Batiste'),
(611,	4,	'Jervis Varden'),
(612,	188,	'Nisse Eldin'),
(613,	247,	'Nicko Howells'),
(614,	342,	'Natasha Powys'),
(615,	92,	'Hadley Kinnon'),
(616,	311,	'Aluino Lynnett'),
(617,	46,	'Darin Bridel'),
(618,	84,	'Arabelle Vignal'),
(619,	78,	'Vida Dibner'),
(620,	134,	'Fiann Toffaloni'),
(621,	330,	'Dorie Catcheside'),
(622,	160,	'Arabela Gutsell'),
(623,	183,	'Nanette Lehr'),
(624,	63,	'Paula Wimlet'),
(625,	238,	'Kerri Dedenham'),
(626,	221,	'Gabbie Garmey'),
(627,	330,	'Zelma Busain'),
(628,	169,	'Reggy Ashtonhurst'),
(629,	174,	'Kimball Telezhkin'),
(630,	311,	'Anatole Anthonies'),
(631,	297,	'Frederica Torfin'),
(632,	307,	'Fletcher MacManus'),
(633,	159,	'Tomaso McDonald'),
(634,	345,	'Gail Rochford'),
(635,	287,	'Janenna Josuweit'),
(636,	323,	'Dov Cisneros'),
(637,	18,	'Maegan Wince'),
(638,	234,	'Charmain Mattholie'),
(639,	238,	'Marcel Trenear'),
(640,	22,	'Annabella Jakeman'),
(641,	215,	'Renard Sparshett'),
(643,	90,	'Gerta Robic'),
(644,	151,	'Teodor Bynert'),
(645,	284,	'Sarene McGilben'),
(646,	236,	'Gerrard Warbys'),
(647,	153,	'Linn Prior'),
(648,	51,	'Zahara Levett'),
(649,	271,	'Terrye Juan'),
(650,	140,	'Mic Annwyl'),
(651,	116,	'Arlyn Linguard'),
(652,	263,	'Mureil Swalough'),
(653,	48,	'Malory Piesing'),
(654,	288,	'Giorgia Santello'),
(655,	268,	'Godfrey Hoodlass'),
(656,	209,	'Sela Fontes'),
(657,	292,	'Elladine Fitzroy'),
(658,	199,	'Deeann Redfearn'),
(659,	339,	'Veronica Willshear'),
(660,	98,	'Maximo Stallwood'),
(661,	154,	'Patsy Wingeat'),
(662,	257,	'Livvie Shellsheere'),
(663,	340,	'Susette Ruos'),
(664,	101,	'Remy Kemble'),
(665,	124,	'Rafferty Turl'),
(666,	207,	'Anetta Buggs'),
(667,	64,	'Celine Seymark'),
(668,	55,	'Locke Anthoney'),
(669,	341,	'Rafaelita Elverston'),
(670,	269,	'Teri Wheway'),
(671,	49,	'Christy Kibblewhite'),
(672,	304,	'Jilli Cromack'),
(673,	308,	'Kakalina Andreix'),
(674,	31,	'Dawn Cracoe'),
(675,	207,	'Arluene Lascell'),
(676,	111,	'Flem Simion'),
(677,	272,	'Gavra Truswell'),
(678,	313,	'Adrianna Mound'),
(679,	48,	'Lianne Neilly'),
(680,	269,	'Kurtis Benham'),
(681,	161,	'Marvin Grasha'),
(682,	80,	'Felipe Bockmaster'),
(683,	211,	'Dorothee Gilbertson'),
(684,	249,	'Waverley Greenhall'),
(685,	213,	'Mateo Dalgetty'),
(686,	312,	'Rosana Bailes'),
(687,	136,	'Tyler Doddemeade'),
(688,	10,	'Clemente Wilce'),
(689,	64,	'Winn Rodgier'),
(690,	304,	'Darcey Shilstone'),
(691,	56,	'Alex MacCleod'),
(692,	132,	'Shannan Tunaclift'),
(693,	137,	'Davine Windle'),
(694,	86,	'Kimbra Raulston'),
(695,	22,	'Derek Wyer'),
(696,	317,	'Cecelia Hunnicutt'),
(697,	323,	'Menard Kinworthy'),
(698,	254,	'Claire Foulds'),
(699,	24,	'Roxana Dexter'),
(700,	69,	'Caresa Cruft'),
(701,	308,	'Danette Jeffery'),
(702,	114,	'Dodie Mulvihill'),
(703,	152,	'Judon Ramsay'),
(704,	128,	'Abbi Ashford'),
(705,	103,	'Urson Farrans'),
(706,	73,	'Berne Littler'),
(707,	139,	'Reiko Claussen'),
(708,	89,	'Odelle Gheeraert'),
(709,	342,	'Mirna Hildred'),
(710,	91,	'Sayre Kelsell'),
(711,	221,	'Madelene Tappor'),
(712,	7,	'Kathryne Tinline'),
(713,	338,	'Kori Hardiker'),
(714,	226,	'Wyatt Blaycock'),
(715,	88,	'Beverly Brushfield'),
(716,	318,	'Ailis O\' Faherty'),
(717,	225,	'Jackquelin Jenteau'),
(718,	288,	'Eva Obray'),
(719,	73,	'Leslie Stanworth'),
(720,	159,	'Dannie Fraulo'),
(721,	78,	'Simonette Somerlie'),
(722,	49,	'Seana Songest'),
(723,	164,	'Ethan Cabrara'),
(724,	183,	'Almeda McGlone'),
(725,	86,	'Petronella Labarre'),
(726,	305,	'Linc Scotcher'),
(727,	134,	'Bobina de Keep'),
(728,	12,	'Dagny Garnson'),
(729,	74,	'Cale Joubert'),
(730,	52,	'Chandler Grigorey'),
(731,	9,	'Marice Bleasby'),
(732,	135,	'Gweneth Sedgeworth'),
(733,	337,	'Shannon Fullerlove'),
(734,	259,	'Rockie Hynard'),
(735,	34,	'Jobye Del Dello'),
(736,	137,	'Alicea Tizard'),
(737,	35,	'Danielle Massow'),
(738,	14,	'Wilhelm Scase'),
(739,	287,	'Chadwick Baraja'),
(740,	177,	'Marrissa Bernon'),
(741,	323,	'Karoly McDuff'),
(742,	150,	'Heath Hawkin'),
(743,	48,	'Dody Wheeldon'),
(744,	55,	'Pierre Gotthard.sf'),
(745,	226,	'Emmalynn Shubotham'),
(746,	53,	'Alexina Ochterlony'),
(747,	337,	'Binnie Eckersley'),
(748,	159,	'Payton Flemming'),
(749,	258,	'Aubrey Kynett'),
(750,	239,	'Lenci Maymond'),
(751,	65,	'Leo Jorry'),
(752,	166,	'Tamarra Woodings'),
(753,	258,	'Cilka Grindell'),
(754,	207,	'Wyndham Fontes'),
(755,	192,	'Poul Lawfull'),
(756,	43,	'Bernete Tinline'),
(757,	320,	'Jayme Rustidge'),
(758,	19,	'Hatty Cust'),
(759,	24,	'Thea Ekkel'),
(760,	66,	'Jdavie Jasiak'),
(761,	324,	'Alyssa Way'),
(762,	86,	'Karin Scarth'),
(763,	119,	'Wynne Mountstephen'),
(764,	241,	'Silas Zanutti'),
(765,	78,	'Gayla Fumagalli'),
(766,	31,	'Grange Flag'),
(767,	167,	'Pepito Sterke'),
(768,	187,	'Kendall Bamlett'),
(769,	49,	'Reggis Volcker'),
(770,	36,	'Irita Trask'),
(771,	123,	'Audrye Battrick'),
(772,	153,	'Sander Tocque'),
(773,	159,	'Smitty Guillain'),
(774,	198,	'Prentice Dunlap'),
(775,	297,	'Calla Tregenza'),
(776,	312,	'Sarajane Tomet'),
(777,	72,	'Allix Cornner'),
(778,	288,	'Yelena Speechly'),
(779,	61,	'Bab Peiser'),
(780,	153,	'Ingmar Haslegrave'),
(781,	191,	'Hallie Clere'),
(782,	249,	'Kalie Branson'),
(783,	76,	'Denyse Revel'),
(784,	13,	'Clarita Murphey'),
(785,	206,	'Romonda Roadknight'),
(786,	167,	'Herminia Firle'),
(787,	29,	'Carmel Rizzo'),
(788,	230,	'Mead Hancell'),
(789,	312,	'Chrisse De Freyne'),
(790,	97,	'Freida Pagnin'),
(791,	207,	'Trstram Vial'),
(792,	249,	'Rancell Hatcliffe'),
(793,	273,	'Jammal Surgenor'),
(794,	280,	'Christoffer Redolfi'),
(795,	285,	'Sanson Ziemsen'),
(796,	231,	'Michal Bartaletti'),
(797,	205,	'Sauveur Beall'),
(798,	5,	'Jeffie Nisco'),
(799,	251,	'Justinn Maro'),
(800,	331,	'Marji Manicom'),
(801,	342,	'Emmalynn Veevers'),
(802,	24,	'Gale Glendining'),
(804,	277,	'Hernando Margery'),
(805,	297,	'Caril Verriour'),
(806,	261,	'Gert Kettlesing'),
(807,	179,	'Goldia Arnolds'),
(808,	200,	'Dode Balmadier'),
(809,	15,	'Madeleine Durand'),
(810,	8,	'Arnie Sholem'),
(811,	173,	'Bonnibelle Clowser'),
(812,	19,	'Eustace Strathern'),
(813,	138,	'Lita Ditter'),
(814,	142,	'Jere Arundell'),
(815,	114,	'Sollie Veeler'),
(816,	33,	'Rooney Cheeseman'),
(817,	212,	'Julio Gentzsch'),
(818,	83,	'Zachariah Stinson'),
(819,	30,	'Desmund Sheardown'),
(820,	269,	'Kelsey Overnell'),
(821,	79,	'Cherilyn Waison'),
(822,	125,	'Karlens Petroff'),
(823,	227,	'Cookie Ayscough'),
(824,	108,	'Donny Bushaway'),
(825,	87,	'Mickey Amesbury'),
(826,	144,	'Zahara Caught'),
(827,	203,	'Nerte Tipton'),
(828,	187,	'Lani Sawkins'),
(829,	21,	'Ellette Flockhart'),
(830,	161,	'Dotti Vallintine'),
(831,	95,	'Afton Dennerley'),
(832,	337,	'Marybelle Chasemore'),
(833,	303,	'Danni Woolforde'),
(834,	48,	'Sheilakathryn Merrgan'),
(835,	326,	'Maridel Cull'),
(836,	26,	'Kaine Harvatt'),
(837,	103,	'Sonja Dowey'),
(838,	126,	'Rahel Scarr'),
(839,	110,	'Clarine Attenborrow'),
(840,	165,	'Brigit Tansey'),
(841,	215,	'Rorke Moro'),
(842,	253,	'Damara Marskell'),
(843,	19,	'Loralee Merrall'),
(844,	308,	'Clarabelle Erbe'),
(845,	222,	'Alisa Eleshenar'),
(846,	115,	'Alfreda Wight'),
(847,	55,	'Brigid Fouracre'),
(848,	76,	'Alexa Wilcott'),
(849,	223,	'Linda Phetteplace'),
(850,	322,	'Sofia Shooter'),
(851,	324,	'Conrade Thon'),
(852,	142,	'Hardy Pre'),
(853,	176,	'Kimbell Dubois'),
(854,	9,	'Lennard Wisby'),
(855,	100,	'Roxanna Alejandre'),
(856,	279,	'Angelico Jakaway'),
(857,	192,	'Nicol Dilloway'),
(858,	194,	'Klaus Kubanek'),
(859,	300,	'Gerry Vaudre'),
(860,	316,	'Nat Minigo'),
(861,	257,	'Nowell Rosle'),
(862,	236,	'Pansie Borer'),
(863,	287,	'Tiffany Warner'),
(864,	338,	'Kelcie Imlin'),
(865,	65,	'Yorker McCurlye'),
(866,	216,	'Claudian Fawcus'),
(867,	45,	'Andie Luna'),
(868,	214,	'Sonny Elcoux'),
(869,	7,	'Florenza Piquard'),
(870,	198,	'Ronna Hedden'),
(871,	174,	'Jonah Benez'),
(872,	58,	'Annamaria Gillam'),
(873,	123,	'Jill Arson'),
(874,	302,	'Evangelin Weatherley'),
(875,	246,	'Ambrosius Pesticcio'),
(876,	75,	'Doloritas McGoogan'),
(877,	183,	'Ryan Klyner'),
(878,	256,	'Teena Halls'),
(879,	253,	'Liv Stanion'),
(880,	93,	'Griffie Broomhead'),
(881,	80,	'Clea Josselson'),
(882,	344,	'Elsie Birley'),
(883,	292,	'Dorris Montague'),
(884,	148,	'Seymour Codlin'),
(885,	307,	'Carolin Cleall'),
(886,	168,	'Gretta Weedon'),
(887,	103,	'Yuri Peltz'),
(888,	197,	'Delores Le land'),
(889,	115,	'Aubree Trippitt'),
(890,	213,	'Evanne Lutzmann'),
(891,	138,	'Alejandrina Brunsdon'),
(892,	267,	'Elenore Eddisforth'),
(893,	226,	'Merle Bickell'),
(894,	85,	'Shaun Getty'),
(895,	76,	'Jeri Salsbury'),
(896,	174,	'Olly Brambley'),
(897,	15,	'Norene Bromet'),
(898,	139,	'Rosamond Bernardotte'),
(899,	122,	'Agace Antonovic'),
(900,	80,	'Wallie Savell'),
(902,	332,	'Meaghan Driuzzi'),
(903,	245,	'Jaquenetta Huerta'),
(904,	122,	'Marianne Absolon'),
(905,	170,	'Lydon Wimbridge'),
(906,	230,	'Isadore Jellybrand'),
(907,	149,	'Auroora Sliney'),
(908,	32,	'Terese Cuppitt'),
(909,	185,	'Immanuel Naulls'),
(910,	100,	'Sunny Gockelen'),
(911,	311,	'Arlette Boddam'),
(912,	83,	'Coop Paulot'),
(913,	48,	'Tilly Leopold'),
(914,	212,	'Sashenka Boston'),
(915,	304,	'Paule Renzini'),
(916,	261,	'Dael Sturt'),
(917,	138,	'Karoly Miguel'),
(918,	22,	'Peggy Capini'),
(919,	34,	'Kirby Jobbing'),
(920,	168,	'Kelley Dahlen'),
(921,	202,	'Carry Aizikovitch'),
(922,	311,	'Kahlil Eykelhof'),
(923,	260,	'Ethelind Brunsen'),
(924,	243,	'Trevor Chipperfield'),
(925,	110,	'Kathrine Reschke'),
(926,	233,	'Beverly Machin'),
(927,	137,	'Vaughn Rentoul'),
(928,	340,	'Susana Mathey'),
(929,	28,	'Elladine Workman'),
(930,	148,	'Annabelle Wentworth'),
(931,	32,	'Lonni Barford'),
(932,	96,	'Rob Sysland'),
(933,	222,	'Bern Doul'),
(934,	250,	'Denys Hopkynson'),
(935,	25,	'Lilia Domleo'),
(936,	289,	'Cammy Cooch'),
(937,	207,	'Shawn Emeney'),
(938,	264,	'Brigitta Krzyzowski'),
(939,	240,	'Mandy Haskins'),
(940,	302,	'Moll Millom'),
(941,	101,	'Olenolin Cockcroft'),
(942,	170,	'Helaine Borel'),
(943,	149,	'Gussie Archley'),
(944,	5,	'Maurine Brumen'),
(945,	288,	'Herb Billany'),
(946,	322,	'Merrielle Pinchback'),
(947,	44,	'Dory Schleicher'),
(948,	113,	'Faustina Woollett'),
(949,	136,	'Pamelina Finker'),
(950,	135,	'Adriano Ainslie'),
(951,	192,	'Codie Dionisetti'),
(952,	251,	'Fax Tofanini'),
(953,	103,	'Rochell O\'Dennehy'),
(954,	246,	'Paten Bartholomieu'),
(955,	31,	'Morey Danilin'),
(956,	140,	'Marris Drover'),
(957,	173,	'Flore Uman'),
(958,	329,	'Bryon Siddons'),
(959,	108,	'Sly Laslett'),
(960,	294,	'Hendrik Penhalewick'),
(961,	43,	'Rebecca Cullingworth'),
(962,	136,	'Brett Goodinson'),
(963,	252,	'Francesco Guarnier'),
(964,	250,	'Grazia Giorgeschi'),
(965,	218,	'Erminie Laville'),
(966,	142,	'Adrea Wisby'),
(967,	278,	'Mohammed Stidson'),
(968,	136,	'Beck McLenahan'),
(969,	16,	'Paige Lightbody'),
(970,	338,	'Claretta Linde'),
(971,	227,	'Lenka Bill'),
(972,	65,	'Gawen Labba'),
(973,	51,	'Pepito Fairholme'),
(974,	54,	'Grace But'),
(975,	172,	'Tina Burridge'),
(976,	334,	'Penelope Gagan'),
(977,	345,	'Randy Egdal'),
(978,	205,	'Lebbie Lofting'),
(979,	161,	'Hagan Camfield'),
(980,	255,	'Hadlee Bosenworth'),
(981,	322,	'Paxton Teather'),
(982,	281,	'Marcille Stocken'),
(983,	79,	'Thurston Wein'),
(984,	277,	'Dorita Grishagin'),
(985,	185,	'Clemence Baggallay'),
(986,	129,	'Waylon Plant'),
(987,	3,	'Ailsun Dufoure'),
(988,	100,	'Tedmund McKinstry'),
(989,	302,	'Katerina Wallsam'),
(990,	53,	'Darnall Coolbear'),
(991,	58,	'Bliss Yuryichev'),
(992,	240,	'Wynnie Muckley'),
(993,	245,	'Elspeth Tunney'),
(994,	304,	'Keelia Rix'),
(995,	25,	'Ediva Syson'),
(996,	248,	'Ryann Fallon'),
(997,	211,	'Artemus Crowson'),
(998,	131,	'Anallise Bischop'),
(999,	225,	'Tallie Eliyahu'),
(1000,	159,	'Melonie Senner');

CREATE TABLE `comuna` (
  `id` int(11) NOT NULL AUTO_INCREMENT,
  `region_id` int(11) NOT NULL,
  `nombre` tinytext NOT NULL,
  PRIMARY KEY (`id`),
  KEY `region_id` (`region_id`),
  CONSTRAINT `comuna_ibfk_1` FOREIGN KEY (`region_id`) REFERENCES `region` (`id`)
) ENGINE=InnoDB DEFAULT CHARSET=utf8mb4 COLLATE=utf8mb4_general_ci;

INSERT INTO `comuna` (`id`, `region_id`, `nombre`) VALUES
(1,	1,	'Arica'),
(2,	1,	'Camarones'),
(3,	1,	'General Lagos'),
(4,	1,	'Putre'),
(5,	2,	'Alto Hospicio'),
(6,	2,	'Iquique'),
(7,	2,	'Camiña'),
(8,	2,	'Colchane'),
(9,	2,	'Huara'),
(10,	2,	'Pica'),
(11,	2,	'Pozo Almonte'),
(12,	3,	'Antofagasta'),
(13,	3,	'Mejillones'),
(14,	3,	'Sierra Gorda'),
(15,	3,	'Taltal'),
(16,	3,	'Calama'),
(17,	3,	'Ollague'),
(18,	3,	'San Pedro de Atacama'),
(19,	3,	'María Elena'),
(20,	3,	'Tocopilla'),
(21,	4,	'Chañaral'),
(22,	4,	'Diego de Almagro'),
(23,	4,	'Caldera'),
(24,	4,	'Copiapó'),
(25,	4,	'Tierra Amarilla'),
(26,	4,	'Alto del Carmen'),
(27,	4,	'Freirina'),
(28,	4,	'Huasco'),
(29,	4,	'Vallenar'),
(30,	5,	'Canela'),
(31,	5,	'Illapel'),
(32,	5,	'Los Vilos'),
(33,	5,	'Salamanca'),
(34,	5,	'Andacollo'),
(35,	5,	'Coquimbo'),
(36,	5,	'La Higuera'),
(37,	5,	'La Serena'),
(39,	5,	'Vicuña'),
(40,	5,	'Combarbalá'),
(41,	5,	'Monte Patria'),
(42,	5,	'Ovalle'),
(43,	5,	'Punitaqui'),
(44,	5,	'Río Hurtado'),
(45,	6,	'Isla de Pascua'),
(46,	6,	'Calle Larga'),
(47,	6,	'Los Andes'),
(48,	6,	'Rinconada'),
(49,	6,	'San Esteban'),
(50,	6,	'La Ligua'),
(51,	6,	'Papudo'),
(52,	6,	'Petorca'),
(53,	6,	'Zapallar'),
(54,	6,	'Hijuelas'),
(55,	6,	'La Calera'),
(56,	6,	'La Cruz'),
(57,	6,	'Limache'),
(58,	6,	'Nogales'),
(59,	6,	'Olmué'),
(60,	6,	'Quillota'),
(61,	6,	'Algarrobo'),
(62,	6,	'Cartagena'),
(63,	6,	'El Quisco'),
(64,	6,	'El Tabo'),
(65,	6,	'San Antonio'),
(66,	6,	'Santo Domingo'),
(67,	6,	'Catemu'),
(68,	6,	'Llaillay'),
(69,	6,	'Panquehue'),
(70,	6,	'Putaendo'),
(71,	6,	'San Felipe'),
(72,	6,	'Santa María'),
(73,	6,	'Casablanca'),
(74,	6,	'Concón'),
(75,	6,	'Juan Fernández'),
(76,	6,	'Puchuncaví'),
(77,	6,	'Quilpué'),
(78,	6,	'Quintero'),
(79,	6,	'Valparaíso'),
(80,	6,	'Villa Alemana'),
(82,	7,	'Colina'),
(83,	7,	'Lampa'),
(84,	7,	'Tiltil'),
(85,	7,	'Pirque'),
(86,	7,	'Puente Alto'),
(87,	7,	'San José de Maipo'),
(88,	7,	'Buin'),
(89,	7,	'Calera de Tango'),
(90,	7,	'Paine'),
(91,	7,	'San Bernardo'),
(92,	7,	'Alhué'),
(93,	7,	'Curacaví'),
(94,	7,	'María Pinto'),
(95,	7,	'Melipilla'),
(96,	7,	'San Pedro'),
(97,	7,	'Cerrillos'),
(98,	7,	'Cerro Navia'),
(99,	7,	'Conchalí'),
(100,	7,	'El Bosque'),
(101,	7,	'Estación Central'),
(102,	7,	'Huechuraba'),
(103,	7,	'Independencia'),
(104,	7,	'La Cisterna'),
(105,	7,	'La Granja'),
(106,	7,	'La Florida'),
(107,	7,	'La Pintana'),
(108,	7,	'La Reina'),
(109,	7,	'Las Condes'),
(110,	7,	'Lo Barnechea'),
(111,	7,	'Lo Espejo'),
(112,	7,	'Lo Prado'),
(113,	7,	'Macul'),
(114,	7,	'Maipú'),
(115,	7,	'Ñuñoa'),
(116,	7,	'Pedro Aguirre Cerda'),
(117,	7,	'Peñalolén'),
(118,	7,	'Providencia'),
(119,	7,	'Pudahuel'),
(120,	7,	'Quilicura'),
(121,	7,	'Quinta Normal'),
(122,	7,	'Recoleta'),
(123,	7,	'Renca'),
(124,	7,	'San Miguel'),
(125,	7,	'San Joaquín'),
(126,	7,	'San Ramón'),
(127,	7,	'Santiago'),
(128,	7,	'Vitacura'),
(129,	7,	'El Monte'),
(130,	7,	'Isla de Maipo'),
(131,	7,	'Padre Hurtado'),
(132,	7,	'Peñaflor'),
(133,	7,	'Talagante'),
(134,	8,	'Codegua'),
(135,	8,	'Coínco'),
(136,	8,	'Coltauco'),
(137,	8,	'Doñihue'),
(138,	8,	'Graneros'),
(139,	8,	'Las Cabras'),
(140,	8,	'Machalí'),
(141,	8,	'Malloa'),
(142,	8,	'Mostazal'),
(143,	8,	'Olivar'),
(144,	8,	'Peumo'),
(145,	8,	'Pichidegua'),
(146,	8,	'Quinta de Tilcoco'),
(147,	8,	'Rancagua'),
(148,	8,	'Rengo'),
(149,	8,	'Requínoa'),
(150,	8,	'San Vicente de Tagua Tagua'),
(151,	8,	'La Estrella'),
(152,	8,	'Litueche'),
(153,	8,	'Marchihue'),
(154,	8,	'Navidad'),
(156,	8,	'Pichilemu'),
(157,	8,	'Chépica'),
(158,	8,	'Chimbarongo'),
(159,	8,	'Lolol'),
(160,	8,	'Nancagua'),
(161,	8,	'Palmilla'),
(162,	8,	'Peralillo'),
(163,	8,	'Placilla'),
(164,	8,	'Pumanque'),
(165,	8,	'San Fernando'),
(166,	8,	'Santa Cruz'),
(167,	9,	'Cauquenes'),
(168,	9,	'Chanco'),
(169,	9,	'Pelluhue'),
(170,	9,	'Curicó'),
(171,	9,	'Hualañé'),
(172,	9,	'Licantén'),
(173,	9,	'Molina'),
(174,	9,	'Rauco'),
(175,	9,	'Romeral'),
(176,	9,	'Sagrada Familia'),
(177,	9,	'Teno'),
(178,	9,	'Vichuquén'),
(179,	9,	'Colbún'),
(180,	9,	'Linares'),
(181,	9,	'Longaví'),
(182,	9,	'Parral'),
(183,	9,	'Retiro'),
(184,	9,	'San Javier'),
(185,	9,	'Villa Alegre'),
(186,	9,	'Yerbas Buenas'),
(187,	9,	'Constitución'),
(188,	9,	'Curepto'),
(189,	9,	'Empedrado'),
(190,	9,	'Maule'),
(191,	9,	'Pelarco'),
(192,	9,	'Pencahue'),
(193,	9,	'Río Claro'),
(194,	9,	'San Clemente'),
(195,	9,	'San Rafael'),
(196,	9,	'Talca'),
(197,	10,	'Arauco'),
(198,	10,	'Cañete'),
(199,	10,	'Contulmo'),
(200,	10,	'Curanilahue'),
(201,	10,	'Lebu'),
(202,	10,	'Los Álamos'),
(203,	10,	'Tirúa'),
(204,	10,	'Alto Biobío'),
(205,	10,	'Antuco'),
(206,	10,	'Cabrero'),
(207,	10,	'Laja'),
(208,	10,	'Los Ángeles'),
(209,	10,	'Mulchén'),
(210,	10,	'Nacimiento'),
(211,	10,	'Negrete'),
(212,	10,	'Quilaco'),
(213,	10,	'Quilleco'),
(214,	10,	'San Rosendo'),
(215,	10,	'Santa Bárbara'),
(216,	10,	'Tucapel'),
(217,	10,	'Yumbel'),
(218,	10,	'Chiguayante'),
(219,	10,	'Concepción'),
(220,	10,	'Coronel'),
(221,	10,	'Florida'),
(222,	10,	'Hualpén'),
(223,	10,	'Hualqui'),
(224,	10,	'Lota'),
(225,	10,	'Penco'),
(226,	10,	'San Pedro de La Paz'),
(227,	10,	'Santa Juana'),
(228,	10,	'Talcahuano'),
(229,	10,	'Tomé'),
(230,	10,	'Bulnes'),
(231,	10,	'Chillán'),
(232,	10,	'Chillán Viejo'),
(233,	10,	'Cobquecura'),
(234,	10,	'Coelemu'),
(235,	10,	'Coihueco'),
(236,	10,	'El Carmen'),
(237,	10,	'Ninhue'),
(238,	10,	'Ñiquen'),
(239,	10,	'Pemuco'),
(240,	10,	'Pinto'),
(241,	10,	'Portezuelo'),
(242,	10,	'Quillón'),
(243,	10,	'Quirihue'),
(244,	10,	'Ránquil'),
(245,	10,	'San Carlos'),
(246,	10,	'San Fabián'),
(247,	10,	'San Ignacio'),
(248,	10,	'San Nicolás'),
(249,	10,	'Treguaco'),
(250,	10,	'Yungay'),
(251,	11,	'Carahue'),
(252,	11,	'Cholchol'),
(253,	11,	'Cunco'),
(254,	11,	'Curarrehue'),
(255,	11,	'Freire'),
(256,	11,	'Galvarino'),
(257,	11,	'Gorbea'),
(258,	11,	'Lautaro'),
(259,	11,	'Loncoche'),
(260,	11,	'Melipeuco'),
(261,	11,	'Nueva Imperial'),
(262,	11,	'Padre Las Casas'),
(263,	11,	'Perquenco'),
(264,	11,	'Pitrufquén'),
(265,	11,	'Pucón'),
(266,	11,	'Saavedra'),
(267,	11,	'Temuco'),
(268,	11,	'Teodoro Schmidt'),
(269,	11,	'Toltén'),
(271,	11,	'Villarrica'),
(272,	11,	'Angol'),
(273,	11,	'Collipulli'),
(274,	11,	'Curacautín'),
(275,	11,	'Ercilla'),
(276,	11,	'Lonquimay'),
(277,	11,	'Los Sauces'),
(278,	11,	'Lumaco'),
(279,	11,	'Purén'),
(280,	11,	'Renaico'),
(281,	11,	'Traiguén'),
(282,	11,	'Victoria'),
(283,	12,	'Corral'),
(284,	12,	'Lanco'),
(285,	12,	'Los Lagos'),
(286,	12,	'Máfil'),
(287,	12,	'Mariquina'),
(288,	12,	'Paillaco'),
(289,	12,	'Panguipulli'),
(290,	12,	'Valdivia'),
(291,	12,	'Futrono'),
(292,	12,	'La Unión'),
(293,	12,	'Lago Ranco'),
(294,	12,	'Río Bueno'),
(295,	13,	'Ancud'),
(296,	13,	'Castro'),
(297,	13,	'Chonchi'),
(298,	13,	'Curaco de Vélez'),
(299,	13,	'Dalcahue'),
(300,	13,	'Puqueldón'),
(301,	13,	'Queilén'),
(302,	13,	'Quemchi'),
(303,	13,	'Quellón'),
(304,	13,	'Quinchao'),
(305,	13,	'Calbuco'),
(306,	13,	'Cochamó'),
(307,	13,	'Fresia'),
(308,	13,	'Frutillar'),
(309,	13,	'Llanquihue'),
(310,	13,	'Los Muermos'),
(311,	13,	'Maullín'),
(312,	13,	'Puerto Montt'),
(313,	13,	'Puerto Varas'),
(314,	13,	'Osorno'),
(316,	13,	'Purranque'),
(317,	13,	'Puyehue'),
(318,	13,	'Río Negro'),
(319,	13,	'San Juan de la Costa'),
(320,	13,	'San Pablo'),
(321,	13,	'Chaitén'),
(322,	13,	'Futaleufú'),
(323,	13,	'Hualaihué'),
(324,	13,	'Palena'),
(326,	14,	'Cisnes'),
(327,	14,	'Guaitecas'),
(328,	14,	'Cochrane'),
(329,	14,	'O\'higgins'),
(330,	14,	'Tortel'),
(331,	14,	'Coihaique'),
(332,	14,	'Lago Verde'),
(333,	14,	'Chile Chico'),
(334,	14,	'Río Ibáñez'),
(336,	15,	'Cabo de Hornos'),
(337,	15,	'Laguna Blanca'),
(338,	15,	'Punta Arenas'),
(339,	15,	'Río Verde'),
(340,	15,	'San Gregorio'),
(341,	15,	'Porvenir'),
(342,	15,	'Primavera'),
(343,	15,	'Timaukel'),
(344,	15,	'Natales'),
(345,	15,	'Torres del Paine');

CREATE TABLE `region` (
  `id` int(11) NOT NULL AUTO_INCREMENT,
  `nombre` tinytext NOT NULL,
  PRIMARY KEY (`id`)
) ENGINE=InnoDB DEFAULT CHARSET=utf8mb4 COLLATE=utf8mb4_general_ci;

INSERT INTO `region` (`id`, `nombre`) VALUES
(1,	'Arica y Parinacota'),
(2,	'Tarapacá'),
(3,	'Antofagasta'),
(4,	'Atacama'),
(5,	'Coquimbo'),
(6,	'Valparaiso'),
(7,	'Metropolitana de Santiago'),
(8,	'Libertador General Bernardo O\'Higgins'),
(9,	'Maule'),
(10,	'Biobío'),
(11,	'La Araucanía'),
(12,	'Los Ríos'),
(13,	'Los Lagos'),
(14,	'Aisén del General Carlos Ibáñez del Campo'),
(15,	'Magallanes y de la Antártica Chilena');

CREATE TABLE `voto` (
  `id` int(11) NOT NULL AUTO_INCREMENT,
  `candidato_id` int(11) NOT NULL,
  `nombre` tinytext NOT NULL,
  `alias` tinytext NOT NULL,
  `rut` varchar(12) NOT NULL,
  `email` tinytext NOT NULL,
  `como` set('web','tv','rrss','amigo') NOT NULL,
  PRIMARY KEY (`id`),
  UNIQUE KEY `rut` (`rut`),
  KEY `candidato_id` (`candidato_id`),
  CONSTRAINT `voto_ibfk_1` FOREIGN KEY (`candidato_id`) REFERENCES `candidato` (`id`)
) ENGINE=InnoDB DEFAULT CHARSET=utf8mb4 COLLATE=utf8mb4_general_ci;

